Workbook

Sheet ملخص المحفظة
A1: إدارة التقسيط
A2: المؤشر | B2: القيمة بالريال / العدد
A3: السيولة المتاحة | B3: =SUM('الحركات المالية'!I2:I5)
A4: المتبقي للتحصيل | B4: =SUMIFS('العقود'!M2:M2,'العقود'!J2:J2,"مصروف")
A5: المتبقي من التمويل (تقدير نسبي) | B5: =SUMIFS('العقود'!Q2:Q2,'العقود'!J2:J2,"مصروف")
A6: إجمالي التمويل المصروف | B6: =SUMIFS('الحركات المالية'!C2:C5,'الحركات المالية'!D2:D5,"صرف تمويل",'الحركات المالية'!K2:K5,"نشطة")
A7: إجمالي التحصيل | B7: =SUM('العقود'!L2:L2)
A8: الربح التعاقدي المتوقع | B8: =SUMIFS('العقود'!N2:N2,'العقود'!J2:J2,"مصروف")
A9: خصومات التسوية | B9: =SUM('العقود'!U2:U2)
A10: العقود المصروفة | B10: =COUNTIFS('العقود'!J2:J2,"مصروف")
A11: عدد العملاء | B11: =COUNTA('العملاء'!A2:A2)
A12: المصدر | B12: https://fabulous-lipstick-e9d.notion.site/39d57dc9757a8008a982c7af38a4c0de
A13: ملاحظة | B13: الربح المتوقع لا يعني الربح المحقق؛ التصنيف يدوي.

Sheet العملاء
A1: رقم العميل | B1: اسم العميل | C1: رقم الهوية | D1: رقم الجوال | E1: تاريخ إضافة العميل | F1: حالة العميل | G1: التصنيف الائتماني | H1: الحد الائتماني | I1: العنوان | J1: جهة العمل | K1: الدخل الشهري | L1: اسم الكفيل | M1: جوال الكفيل | N1: ملاحظات | O1: إجمالي التمويل | P1: إجمالي المتبقي | Q1: المتبقي من التمويل | R1: عدد مرات التأخير | S1: إجمالي العقود | T1: آخر تعديل
A2: CL-F946F40BA6CD | B2: تركي | C2: 1084978434 | D2: 05009798694 | E2: 46313 | F2: نشط | G2: غير مصنف | H2: 10000 | K2: 5400 | L2: ناصر | M2: 05487694872 | O2: =SUMIFS('العقود'!$D$2:$D$2,'العقود'!$B$2:$B$2,A2,'العقود'!$J$2:$J$2,"مصروف") | P2: =SUMIFS('العقود'!$M$2:$M$2,'العقود'!$B$2:$B$2,A2,'العقود'!$J$2:$J$2,"مصروف") | Q2: =SUMIFS('العقود'!$Q$2:$Q$2,'العقود'!$B$2:$B$2,A2,'العقود'!$J$2:$J$2,"مصروف") | R2: 0 | S2: =COUNTIFS('العقود'!$B$2:$B$2,A2) | T2: 2026-10-18T17:51:11.361902+03:00

Sheet العقود
A1: رقم العقد | B1: رقم العميل | C1: تاريخ العقد | D1: مبلغ التمويل | E1: إجمالي السداد | F1: مدة العقد | G1: أول قسط | H1: رسوم العقد | I1: ملاحظات | J1: حالة الصرف | K1: مبلغ القسط | L1: إجمالي المحصل | M1: المبلغ المتبقي | N1: الربح المتوقع | O1: عدد الأقساط المسددة | P1: عدد الأقساط المتبقية | Q1: المتبقي من التمويل | R1: الاستحقاق القادم | S1: تاريخ انتهاء العقد | T1: حالة العقد | U1: خصم السداد المبكر | V1: آخر تعديل
A2: 001 | B2: CL-F946F40BA6CD | C2: 46313 | D2: 5000 | E2: 8000 | F2: 16 | G2: 46355 | H2: 200 | J2: مصروف | K2: =ROUNDDOWN(E2/F2,2) | L2: =SUMIFS('الأقساط'!$F$2:$F$17,'الأقساط'!$B$2:$B$17,A2) | M2: =MAX(0,E2-L2-U2) | N2: =E2-D2 | O2: =COUNTIFS('الأقساط'!$B$2:$B$17,A2,'الأقساط'!$G$2:$G$17,0) | P2: =F2-O2 | Q2: =IF(E2=0,0,ROUND(D2*M2/E2,2)) | R2: 46355 | S2: =EDATE(G2,F2-1) | T2: =IF(J2="لم يصرف","مسودة",IF(M2=0,IF(COUNTIFS('الحركات المالية'!$E$2:$E$5,A2,'الحركات المالية'!$D$2:$D$5,"سداد مبكر",'الحركات المالية'!$K$2:$K$5,"نشطة")>0,"مسدد مبكرًا","مكتمل"),IF(COUNTIFS('الأقساط'!$B$2:$B$17,A2,'الأقساط'!$G$2:$G$17,">0",'الأقساط'!$D$2:$D$17,"<"&TODAY())>0,"متأخر","منتظم"))) | U2: =SUMIFS('الحركات المالية'!$J$2:$J$5,'الحركات المالية'!$E$2:$E$5,A2,'الحركات المالية'!$K$2:$K$5,"نشطة") | V2: 2026-10-18T17:53:11.208726+03:00

Sheet الأقساط
A1: رقم القسط | B1: رقم العقد | C1: تسلسل القسط | D1: تاريخ الاستحقاق | E1: مبلغ القسط | F1: المحصل | G1: المتبقي | H1: حالة القسط | I1: أيام التأخير | J1: تاريخ اكتمال السداد | K1: خصم التسوية
A2: 001-001 | B2: 001 | C2: 1 | D2: 46355 | E2: 500 | F2: =SUMIFS('توزيع التحصيل'!$D$2:$D$2,'توزيع التحصيل'!$C$2:$C$2,A2,'توزيع التحصيل'!$E$2:$E$2,"نقد") | G2: =MAX(0,E2-F2-K2) | H2: =IF(COUNTIFS('العقود'!$A$2:$A$2,B2,'العقود'!$J$2:$J$2,"مصروف")=0,"لم يصرف",IF(G2=0,"مسدد",IF(D2<TODAY(),"متأخر",IF(D2=TODAY(),"مستحق اليوم",IF(F2>0,"سداد جزئي","قادم"))))) | I2: =IF(H2="لم يصرف",0,IF(G2>0,MAX(0,TODAY()-D2),IF(J2="",0,MAX(0,J2-D2)))) | K2: =SUMIFS('توزيع التحصيل'!$D$2:$D$2,'توزيع التحصيل'!$C$2:$C$2,A2,'توزيع التحصيل'!$E$2:$E$2,"خصم")
A3: 001-002 | B3: 001 | C3: 2 | D3: 46385 | E3: 500 | F3: =SUMIFS('توزيع التحصيل'!$D$2:$D$2,'توزيع التحصيل'!$C$2:$C$2,A3,'توزيع التحصيل'!$E$2:$E$2,"نقد") | G3: =MAX(0,E3-F3-K3) | H3: =IF(COUNTIFS('العقود'!$A$2:$A$2,B3,'العقود'!$J$2:$J$2,"مصروف")=0,"لم يصرف",IF(G3=0,"مسدد",IF(D3<TODAY(),"متأخر",IF(D3=TODAY(),"مستحق اليوم",IF(F3>0,"سداد جزئي","قادم"))))) | I3: =IF(H3="لم يصرف",0,IF(G3>0,MAX(0,TODAY()-D3),IF(J3="",0,MAX(0,J3-D3)))) | K3: =SUMIFS('توزيع التحصيل'!$D$2:$D$2,'توزيع التحصيل'!$C$2:$C$2,A3,'توزيع التحصيل'!$E$2:$E$2,"خصم")
A4: 001-003 | B4: 001 | C4: 3 | D4: 46416 | E4: 500 | F4: =SUMIFS('توزيع التحصيل'!$D$2:$D$2,'توزيع التحصيل'!$C$2:$C$2,A4,'توزيع التحصيل'!$E$2:$E$2,"نقد") | G4: =MAX(0,E4-F4-K4) | H4: =IF(COUNTIFS('العقود'!$A$2:$A$2,B4,'العقود'!$J$2:$J$2,"مصروف")=0,"لم يصرف",IF(G4=0,"مسدد",IF(D4<TODAY(),"متأخر",IF(D4=TODAY(),"مستحق اليوم",IF(F4>0,"سداد جزئي","قادم"))))) | I4: =IF(H4="لم يصرف",0,IF(G4>0,MAX(0,TODAY()-D4),IF(J4="",0,MAX(0,J4-D4)))) | K4: =SUMIFS('توزيع التحصيل'!$D$2:$D$2,'توزيع التحصيل'!$C$2:$C$2,A4,'توزيع التحصيل'!$E$2:$E$2,"خصم")
A5: 001-004 | B5: 001 | C5: 4 | D5: 46446 | E5: 500 | F5: =SUMIFS('توزيع التحصيل'!$D$2:$D$2,'توزيع التحصيل'!$C$2:$C$2,A5,'توزيع التحصيل'!$E$2:$E$2,"نقد") | G5: =MAX(0,E5-F5-K5) | H5: =IF(COUNTIFS('العقود'!$A$2:$A$2,B5,'العقود'!$J$2:$J$2,"مصروف")=0,"لم يصرف",IF(G5=0,"مسدد",IF(D5<TODAY(),"متأخر",IF(D5=TODAY(),"مستحق اليوم",IF(F5>0,"سداد جزئي","قادم"))))) | I5: =IF(H5="لم يصرف",0,IF(G5>0,MAX(0,TODAY()-D5),IF(J5="",0,MAX(0,J5-D5)))) | K5: =SUMIFS('توزيع التحصيل'!$D$2:$D$2,'توزيع التحصيل'!$C$2:$C$2,A5,'توزيع التحصيل'!$E$2:$E$2,"خصم")
A6: 001-005 | B6: 001 | C6: 5 | D6: 46475 | E6: 500 | F6: =SUMIFS('توزيع التحصيل'!$D$2:$D$2,'توزيع التحصيل'!$C$2:$C$2,A6,'توزيع التحصيل'!$E$2:$E$2,"نقد") | G6: =MAX(0,E6-F6-K6) | H6: =IF(COUNTIFS('العقود'!$A$2:$A$2,B6,'العقود'!$J$2:$J$2,"مصروف")=0,"لم يصرف",IF(G6=0,"مسدد",IF(D6<TODAY(),"متأخر",IF(D6=TODAY(),"مستحق اليوم",IF(F6>0,"سداد جزئي","قادم"))))) | I6: =IF(H6="لم يصرف",0,IF(G6>0,MAX(0,TODAY()-D6),IF(J6="",0,MAX(0,J6-D6)))) | K6: =SUMIFS('توزيع التحصيل'!$D$2:$D$2,'توزيع التحصيل'!$C$2:$C$2,A6,'توزيع التحصيل'!$E$2:$E$2,"خصم")
A7: 001-006 | B7: 001 | C7: 6 | D7: 46506 | E7: 500 | F7: =SUMIFS('توزيع التحصيل'!$D$2:$D$2,'توزيع التحصيل'!$C$2:$C$2,A7,'توزيع التحصيل'!$E$2:$E$2,"نقد") | G7: =MAX(0,E7-F7-K7) | H7: =IF(COUNTIFS('العقود'!$A$2:$A$2,B7,'العقود'!$J$2:$J$2,"مصروف")=0,"لم يصرف",IF(G7=0,"مسدد",IF(D7<TODAY(),"متأخر",IF(D7=TODAY(),"مستحق اليوم",IF(F7>0,"سداد جزئي","قادم"))))) | I7: =IF(H7="لم يصرف",0,IF(G7>0,MAX(0,TODAY()-D7),IF(J7="",0,MAX(0,J7-D7)))) | K7: =SUMIFS('توزيع التحصيل'!$D$2:$D$2,'توزيع التحصيل'!$C$2:$C$2,A7,'توزيع التحصيل'!$E$2:$E$2,"خصم")
A8: 001-007 | B8: 001 | C8: 7 | D8: 46536 | E8: 500 | F8: =SUMIFS('توزيع التحصيل'!$D$2:$D$2,'توزيع التحصيل'!$C$2:$C$2,A8,'توزيع التحصيل'!$E$2:$E$2,"نقد") | G8: =MAX(0,E8-F8-K8) | H8: =IF(COUNTIFS('العقود'!$A$2:$A$2,B8,'العقود'!$J$2:$J$2,"مصروف")=0,"لم يصرف",IF(G8=0,"مسدد",IF(D8<TODAY(),"متأخر",IF(D8=TODAY(),"مستحق اليوم",IF(F8>0,"سداد جزئي","قادم"))))) | I8: =IF(H8="لم يصرف",0,IF(G8>0,MAX(0,TODAY()-D8),IF(J8="",0,MAX(0,J8-D8)))) | K8: =SUMIFS('توزيع التحصيل'!$D$2:$D$2,'توزيع التحصيل'!$C$2:$C$2,A8,'توزيع التحصيل'!$E$2:$E$2,"خصم")
A9: 001-008 | B9: 001 | C9: 8 | D9: 46567 | E9: 500 | F9: =SUMIFS('توزيع التحصيل'!$D$2:$D$2,'توزيع التحصيل'!$C$2:$C$2,A9,'توزيع التحصيل'!$E$2:$E$2,"نقد") | G9: =MAX(0,E9-F9-K9) | H9: =IF(COUNTIFS('العقود'!$A$2:$A$2,B9,'العقود'!$J$2:$J$2,"مصروف")=0,"لم يصرف",IF(G9=0,"مسدد",IF(D9<TODAY(),"متأخر",IF(D9=TODAY(),"مستحق اليوم",IF(F9>0,"سداد جزئي","قادم"))))) | I9: =IF(H9="لم يصرف",0,IF(G9>0,MAX(0,TODAY()-D9),IF(J9="",0,MAX(0,J9-D9)))) | K9: =SUMIFS('توزيع التحصيل'!$D$2:$D$2,'توزيع التحصيل'!$C$2:$C$2,A9,'توزيع التحصيل'!$E$2:$E$2,"خصم")
A10: 001-009 | B10: 001 | C10: 9 | D10: 46597 | E10: 500 | F10: =SUMIFS('توزيع التحصيل'!$D$2:$D$2,'توزيع التحصيل'!$C$2:$C$2,A10,'توزيع التحصيل'!$E$2:$E$2,"نقد") | G10: =MAX(0,E10-F10-K10) | H10: =IF(COUNTIFS('العقود'!$A$2:$A$2,B10,'العقود'!$J$2:$J$2,"مصروف")=0,"لم يصرف",IF(G10=0,"مسدد",IF(D10<TODAY(),"متأخر",IF(D10=TODAY(),"مستحق اليوم",IF(F10>0,"سداد جزئي","قادم"))))) | I10: =IF(H10="لم يصرف",0,IF(G10>0,MAX(0,TODAY()-D10),IF(J10="",0,MAX(0,J10-D10)))) | K10: =SUMIFS('توزيع التحصيل'!$D$2:$D$2,'توزيع التحصيل'!$C$2:$C$2,A10,'توزيع التحصيل'!$E$2:$E$2,"خصم")
A11: 001-010 | B11: 001 | C11: 10 | D11: 46628 | E11: 500 | F11: =SUMIFS('توزيع التحصيل'!$D$2:$D$2,'توزيع التحصيل'!$C$2:$C$2,A11,'توزيع التحصيل'!$E$2:$E$2,"نقد") | G11: =MAX(0,E11-F11-K11) | H11: =IF(COUNTIFS('العقود'!$A$2:$A$2,B11,'العقود'!$J$2:$J$2,"مصروف")=0,"لم يصرف",IF(G11=0,"مسدد",IF(D11<TODAY(),"متأخر",IF(D11=TODAY(),"مستحق اليوم",IF(F11>0,"سداد جزئي","قادم"))))) | I11: =IF(H11="لم يصرف",0,IF(G11>0,MAX(0,TODAY()-D11),IF(J11="",0,MAX(0,J11-D11)))) | K11: =SUMIFS('توزيع التحصيل'!$D$2:$D$2,'توزيع التحصيل'!$C$2:$C$2,A11,'توزيع التحصيل'!$E$2:$E$2,"خصم")
A12: 001-011 | B12: 001 | C12: 11 | D12: 46659 | E12: 500 | F12: =SUMIFS('توزيع التحصيل'!$D$2:$D$2,'توزيع التحصيل'!$C$2:$C$2,A12,'توزيع التحصيل'!$E$2:$E$2,"نقد") | G12: =MAX(0,E12-F12-K12) | H12: =IF(COUNTIFS('العقود'!$A$2:$A$2,B12,'العقود'!$J$2:$J$2,"مصروف")=0,"لم يصرف",IF(G12=0,"مسدد",IF(D12<TODAY(),"متأخر",IF(D12=TODAY(),"مستحق اليوم",IF(F12>0,"سداد جزئي","قادم"))))) | I12: =IF(H12="لم يصرف",0,IF(G12>0,MAX(0,TODAY()-D12),IF(J12="",0,MAX(0,J12-D12)))) | K12: =SUMIFS('توزيع التحصيل'!$D$2:$D$2,'توزيع التحصيل'!$C$2:$C$2,A12,'توزيع التحصيل'!$E$2:$E$2,"خصم")
A13: 001-012 | B13: 001 | C13: 12 | D13: 46689 | E13: 500 | F13: =SUMIFS('توزيع التحصيل'!$D$2:$D$2,'توزيع التحصيل'!$C$2:$C$2,A13,'توزيع التحصيل'!$E$2:$E$2,"نقد") | G13: =MAX(0,E13-F13-K13) | H13: =IF(COUNTIFS('العقود'!$A$2:$A$2,B13,'العقود'!$J$2:$J$2,"مصروف")=0,"لم يصرف",IF(G13=0,"مسدد",IF(D13<TODAY(),"متأخر",IF(D13=TODAY(),"مستحق اليوم",IF(F13>0,"سداد جزئي","قادم"))))) | I13: =IF(H13="لم يصرف",0,IF(G13>0,MAX(0,TODAY()-D13),IF(J13="",0,MAX(0,J13-D13)))) | K13: =SUMIFS('توزيع التحصيل'!$D$2:$D$2,'توزيع التحصيل'!$C$2:$C$2,A13,'توزيع التحصيل'!$E$2:$E$2,"خصم")
... A17: 001-016 | B17: 001 | C17: 16 | D17: 46812 | E17: 500 | F17: =SUMIFS('توزيع التحصيل'!$D$2:$D$2,'توزيع التحصيل'!$C$2:$C$2,A17,'توزيع التحصيل'!$E$2:$E$2,"نقد") | G17: =MAX(0,E17-F17-K17) | H17: =IF(COUNTIFS('العقود'!$A$2:$A$2,B17,'العقود'!$J$2:$J$2,"مصروف")=0,"لم يصرف",IF(G17=0,"مسدد",IF(D17<TODAY(),"متأخر",IF(D17=TODAY(),"مستحق اليوم",IF(F17>0,"سداد جزئي","قادم"))))) | I17: =IF(H17="لم يصرف",0,IF(G17>0,MAX(0,TODAY()-D17),IF(J17="",0,MAX(0,J17-D17)))) | K17: =SUMIFS('توزيع التحصيل'!$D$2:$D$2,'توزيع التحصيل'!$C$2:$C$2,A17,'توزيع التحصيل'!$E$2:$E$2,"خصم")

Sheet الحركات المالية
A1: رقم العملية | B1: التاريخ | C1: المبلغ | D1: نوع العملية | E1: رقم العقد | F1: المحصل | G1: المرجع | H1: ملاحظات | I1: أثر الحركة | J1: خصم التسوية | K1: حالة العملية | L1: وقت التسجيل | M1: رقم الطلب | N1: إلغاء بواسطة
A2: TX-AE745BB1A47C | B2: 46204 | C2: 100000 | D2: رأس مال | H2: رصيد البداية الظاهر في صفحة نوشن المرجعية | I2: =IF(K2="نشطة",C2*1,0) | J2: 0 | K2: نشطة | L2: 2026-10-18T05:29:39.988702+03:00 | M2: NOTION-OPENING-20260701
A3: TX-EAE05AFA4518 | B3: 46313 | C3: 500000 | D3: إضافة رأس مال | I3: =IF(K3="نشطة",C3*1,0) | J3: 0 | K3: نشطة | L3: 2026-10-18T17:49:50.058849+03:00 | M3: REQ-8A4EF416553C
A4: TX-7269D60B86A1 | B4: 46313 | C4: 100000 | D4: سحب رأس مال | I4: =IF(K4="نشطة",C4*-1,0) | J4: 0 | K4: نشطة | L4: 2026-10-18T17:50:08.302253+03:00 | M4: REQ-7AAD50F67F00
A5: TX-DCBA3ABEDED7 | B5: 46313 | C5: 5000 | D5: صرف تمويل | E5: 001 | F5: إبراهيم | I5: =IF(K5="نشطة",C5*-1,0) | J5: 0 | K5: نشطة | L5: 2026-10-18T17:53:33.921575+03:00 | M5: REQ-1B987BA37243

Sheet توزيع التحصيل
A1: رقم التوزيع | B1: رقم العملية | C1: رقم القسط | D1: المبلغ | E1: نوع التوزيع | F1: تاريخ العملية

Sheet متابعة العملاء
A1: رقم المتابعة | B1: رقم العميل | C1: رقم العقد | D1: تاريخ التواصل | E1: وسيلة التواصل | F1: نتيجة التواصل | G1: وعد السداد | H1: المبلغ الموعود | I1: المتابعة القادمة | J1: الحالة | K1: ملاحظات | L1: آخر تعديل

Sheet الإعدادات
A1: المفتاح | B1: القيمة | C1: الوصف
A2: schema_version | B2: 1 | C2: بنية الملف؛ لا تعدل هذا السطر
A3: default_months | B3: 16 | C3: مدة افتراضية قابلة للتعديل لكل عقد
A4: default_profit_rate | B4: 0.6 | C4: نسبة ربح إجمالية افتراضية قابلة للتعديل؛ ليست نسبة شهرية
A5: currency | B5: SAR | C5: الريال السعودي
A6: source | B6: https://fabulous-lipstick-e9d.notion.site/39d57dc9757a8008a982c7af38a4c0de | C6: الصفحة المرجعية للتقسيم والحقول
A7: principal_method | B7: proportional | C7: المتبقي من التمويل تقدير نسبي وليس قاعدة تسوية مبكرة
A8: calculation_note | B8: إجمالي السداد يحدده المستخدم. توزيع السداد للأقدم، وأي فرق هللات في القسط الأخير. | C8: صيغ نوشن الداخلية غير متاحة من رابط العرض العام
A9: grading_note | B9: تصنيف داخلي يدوي؛ لم ينقل التطبيق معادلة تصنيف غير ظاهرة من نوشن. | C9: التأخر يظهر من سجلات الاستحقاق والسداد

Sheet سجل التغييرات
A1: رقم السجل | B1: الوقت | C1: نوع الإجراء | D1: رقم السجل المتأثر | E1: تفاصيل
A2: REQ-8A4EF416553C | B2: 2026-10-18T17:49:50.060001+03:00 | C2: transaction | D2: TX-EAE05AFA4518 | E2: تم التحقق وإعادة احتساب الأرصدة
A3: REQ-7AAD50F67F00 | B3: 2026-10-18T17:50:08.303264+03:00 | C3: transaction | D3: TX-7269D60B86A1 | E3: تم التحقق وإعادة احتساب الأرصدة
A4: REQ-27C7ACC1A3E3 | B4: 2026-10-18T17:51:11.363542+03:00 | C4: add_client | D4: CL-F946F40BA6CD | E4: تم التحقق وإعادة احتساب الأرصدة
A5: REQ-6162415D15C1 | B5: 2026-10-18T17:53:11.212153+03:00 | C5: add_contract | D5: 001 | E5: تم التحقق وإعادة احتساب الأرصدة
A6: REQ-1B987BA37243 | B6: 2026-10-18T17:53:33.924110+03:00 | C6: transaction | D6: TX-DCBA3ABEDED7 | E6: تم التحقق وإعادة احتساب الأرصدة
